id,name,email,gender,active
3369,Govinda Verma,verma_govinda@koss-halvorson.biz,female,TRUE
3368,Pres. Indira Nambeesan,indira_nambeesan_pres@spinka.co,male,TRUE
3367,Jagdish Patil,jagdish_patil@carroll.org,male,FALSE
3366,Bhaaswar Marar,marar_bhaaswar@schulist-legros.name,male,TRUE
3365,Sheela Khatri,sheela_khatri@murphy.info,female,FALSE
3364,Vishwamitra Pothuvaal,vishwamitra_pothuvaal@kuhlman.net,female,TRUE
3363,Bhargava Patil,bhargava_patil@johnson.co,male,FALSE
3362,Amrit Naik,amrit_naik@gusikowski.biz,male,FALSE
3361,Vishwamitra Gandhi,gandhi_vishwamitra@goldner.net,female,FALSE
3360,Baala Saini,saini_baala@borer.co,male,FALSE
3359,Udit Dwivedi,udit_dwivedi@legros.net,female,TRUE
3358,Aayushman Shukla,shukla_aayushman@murphy.co,male,TRUE
3357,Fr. Madhuri Chaturvedi,fr_chaturvedi_madhuri@koss-grant.info,male,TRUE
3356,Himani Joshi,joshi_himani@kozey-leffler.com,male,TRUE
3355,Jai Kapoor,kapoor_jai@harvey.com,female,FALSE
3354,Kin Jha,jha_kin@blick.name,female,TRUE
3353,Menka Gupta,gupta_menka@rowe.co,female,TRUE
3352,Garuda Asan,asan_garuda@hickle.com,female,TRUE
3351,Gobinda Gowda,gobinda_gowda@ebert.name,female,FALSE
3350,Dr. Aaryan Acharya,aaryan_acharya_dr@conn.io,male,TRUE
